-- phpMyAdmin SQL Dump
-- version 5.0.4
-- https://www.phpmyadmin.net/
--
-- Host: 127.0.0.1
-- Generation Time: Jan 27, 2021 at 05:28 AM
-- Server version: 10.4.16-MariaDB
-- PHP Version: 7.4.12

SET SQL_MODE = "NO_AUTO_VALUE_ON_ZERO";
START TRANSACTION;
SET time_zone = "+00:00";


/*!40101 SET @OLD_CHARACTER_SET_CLIENT=@@CHARACTER_SET_CLIENT */;
/*!40101 SET @OLD_CHARACTER_SET_RESULTS=@@CHARACTER_SET_RESULTS */;
/*!40101 SET @OLD_COLLATION_CONNECTION=@@COLLATION_CONNECTION */;
/*!40101 SET NAMES utf8mb4 */;

--
-- Database: `brightams`
--

-- --------------------------------------------------------

--
-- Table structure for table `attendances`
--

CREATE TABLE `attendances` (
  `id` bigint(20) UNSIGNED NOT NULL,
  `uid` int(11) NOT NULL,
  `user_id` int(11) NOT NULL,
  `state` int(11) NOT NULL,
  `time_ad` varchar(255) COLLATE utf8mb4_unicode_ci NOT NULL,
  `time_bs` varchar(255) COLLATE utf8mb4_unicode_ci NOT NULL,
  `created_at` timestamp NULL DEFAULT NULL,
  `updated_at` timestamp NULL DEFAULT NULL,
  `status` varchar(255) COLLATE utf8mb4_unicode_ci DEFAULT NULL
) ENGINE=InnoDB DEFAULT CHARSET=utf8mb4 COLLATE=utf8mb4_unicode_ci;

--
-- Dumping data for table `attendances`
--

INSERT INTO `attendances` (`id`, `uid`, `user_id`, `state`, `time_ad`, `time_bs`, `created_at`, `updated_at`, `status`) VALUES
(1, 12, 12, 1, '2020-12-16 15:39:01', '2077-09-01 15:39:01', '2020-12-16 23:39:53', '2020-12-16 23:39:53', 'Late Check In'),
(2, 13, 13, 1, '2020-12-16 15:40:58', '2077-09-01 15:40:58', '2020-12-16 23:43:40', '2020-12-16 23:43:40', 'Late Check In'),
(3, 15, 15, 1, '2020-12-16 15:42:45', '2077-09-01 15:42:45', '2020-12-16 23:43:40', '2020-12-16 23:43:40', 'Late Check In'),
(4, 13, 13, 1, '2020-12-16 15:45:16', '2077-09-01 15:45:16', '2020-12-16 23:46:05', '2020-12-16 23:46:05', 'Early Check Out'),
(5, 13, 13, 1, '2020-12-16 15:46:16', '2077-09-01 15:46:16', '2020-12-16 23:47:05', '2020-12-16 23:47:05', 'Early Check Out'),
(6, 10, 10, 1, '2020-12-16 15:47:40', '2077-09-01 15:47:40', '2020-12-16 23:48:39', '2020-12-16 23:48:39', 'Late Check In'),
(7, 15, 15, 1, '2020-12-16 17:11:51', '2077-09-01 17:11:51', '2020-12-17 18:23:45', '2020-12-17 18:23:45', 'Check Out'),
(8, 17, 17, 1, '2020-12-16 18:07:31', '2077-09-01 18:07:31', '2020-12-17 18:23:45', '2020-12-17 18:23:45', 'Check Out'),
(9, 16, 16, 1, '2020-12-16 18:07:37', '2077-09-01 18:07:37', '2020-12-17 18:23:45', '2020-12-17 18:23:45', 'Check Out'),
(10, 12, 12, 1, '2020-12-17 09:36:26', '2077-09-02 09:36:26', '2020-12-17 18:23:46', '2020-12-17 18:23:46', 'Check In'),
(11, 18, 18, 1, '2020-12-17 09:36:55', '2077-09-02 09:36:55', '2020-12-17 18:23:46', '2020-12-17 18:23:46', 'Check In'),
(12, 16, 16, 1, '2020-12-17 09:37:43', '2077-09-02 09:37:43', '2020-12-17 18:23:46', '2020-12-17 18:23:46', 'Check In'),
(13, 17, 17, 1, '2020-12-17 09:38:29', '2077-09-02 09:38:29', '2020-12-17 18:23:46', '2020-12-17 18:23:46', 'Check In'),
(14, 15, 15, 1, '2020-12-17 09:45:32', '2077-09-02 09:45:32', '2020-12-17 18:23:46', '2020-12-17 18:23:46', 'Check In'),
(15, 13, 13, 1, '2020-12-17 10:09:05', '2077-09-02 10:09:05', '2020-12-17 18:23:46', '2020-12-17 18:23:46', 'Check In'),
(16, 11, 11, 1, '2020-12-17 10:25:59', '2077-09-02 10:25:59', '2020-12-17 18:26:43', '2020-12-17 18:26:43', 'Check In'),
(17, 14, 14, 1, '2020-12-17 15:47:26', '2077-09-02 15:47:26', '2020-12-18 19:56:04', '2020-12-18 19:56:04', 'Late Check In'),
(18, 18, 18, 1, '2020-12-17 16:30:28', '2077-09-02 16:30:28', '2020-12-18 19:56:04', '2020-12-18 19:56:04', 'Check Out'),
(19, 13, 13, 1, '2020-12-17 17:08:32', '2077-09-02 17:08:32', '2020-12-18 19:56:04', '2020-12-18 19:56:04', 'Check Out'),
(20, 12, 12, 1, '2020-12-17 17:08:46', '2077-09-02 17:08:46', '2020-12-18 19:56:04', '2020-12-18 19:56:04', 'Check Out'),
(21, 14, 14, 1, '2020-12-17 17:45:51', '2077-09-02 17:45:51', '2020-12-18 19:56:04', '2020-12-18 19:56:04', 'Check Out'),
(22, 16, 16, 1, '2020-12-17 18:11:11', '2077-09-02 18:11:11', '2020-12-18 19:56:04', '2020-12-18 19:56:04', 'Check Out'),
(23, 11, 11, 1, '2020-12-17 18:11:30', '2077-09-02 18:11:30', '2020-12-18 19:56:04', '2020-12-18 19:56:04', 'Check Out'),
(24, 18, 18, 1, '2020-12-18 09:14:56', '2077-09-03 09:14:56', '2020-12-18 19:56:04', '2020-12-18 19:56:04', 'Check In'),
(25, 16, 16, 1, '2020-12-18 09:40:51', '2077-09-03 09:40:51', '2020-12-18 19:56:04', '2020-12-18 19:56:04', 'Check In'),
(26, 17, 17, 1, '2020-12-18 09:41:05', '2077-09-03 09:41:05', '2020-12-18 19:56:04', '2020-12-18 19:56:04', 'Check In'),
(27, 14, 14, 1, '2020-12-18 09:54:13', '2077-09-03 09:54:13', '2020-12-18 19:56:05', '2020-12-18 19:56:05', 'Check In'),
(28, 13, 13, 1, '2020-12-18 10:12:59', '2077-09-03 10:12:59', '2020-12-18 19:56:05', '2020-12-18 19:56:05', 'Check In'),
(29, 11, 11, 1, '2020-12-18 10:13:05', '2077-09-03 10:13:05', '2020-12-18 19:56:05', '2020-12-18 19:56:05', 'Check In'),
(30, 10, 10, 1, '2020-12-18 10:13:28', '2077-09-03 10:13:28', '2020-12-18 19:56:05', '2020-12-18 19:56:05', 'Check In'),
(31, 12, 12, 1, '2020-12-18 15:43:12', '2077-09-03 15:43:12', '2020-12-19 02:45:24', '2020-12-19 02:45:24', 'Late Check In'),
(32, 18, 18, 1, '2020-12-18 16:07:38', '2077-09-03 16:07:38', '2020-12-19 02:45:24', '2020-12-19 02:45:24', 'Early Check Out'),
(33, 13, 13, 1, '2020-12-18 17:09:35', '2077-09-03 17:09:35', '2020-12-19 02:45:24', '2020-12-19 02:45:24', 'Check Out'),
(34, 14, 14, 1, '2020-12-18 17:39:30', '2077-09-03 17:39:30', '2020-12-19 02:45:24', '2020-12-19 02:45:24', 'Check Out'),
(35, 17, 17, 1, '2020-12-18 17:39:37', '2077-09-03 17:39:37', '2020-12-19 02:45:24', '2020-12-19 02:45:24', 'Check Out'),
(36, 16, 16, 1, '2020-12-18 18:17:07', '2077-09-03 18:17:07', '2020-12-19 02:45:24', '2020-12-19 02:45:24', 'Check Out'),
(37, 10, 10, 1, '2020-12-18 18:43:51', '2077-09-03 18:43:51', '2020-12-19 02:45:24', '2020-12-19 02:45:24', 'Check Out'),
(38, 16, 16, 1, '2020-12-20 09:21:20', '2077-09-05 09:21:20', '2020-12-19 02:45:24', '2020-12-19 02:45:24', 'Check In'),
(39, 18, 18, 1, '2020-12-20 09:21:47', '2077-09-05 09:21:47', '2020-12-19 02:45:24', '2020-12-19 02:45:24', 'Check In'),
(40, 15, 15, 1, '2020-12-20 09:46:21', '2077-09-05 09:46:21', '2020-12-19 02:45:24', '2020-12-19 02:45:24', 'Check In'),
(41, 12, 12, 1, '2020-12-20 09:55:32', '2077-09-05 09:55:32', '2020-12-19 02:45:24', '2020-12-19 02:45:24', 'Check In'),
(42, 14, 14, 1, '2020-12-20 09:55:41', '2077-09-05 09:55:41', '2020-12-19 02:45:24', '2020-12-19 02:45:24', 'Check In'),
(43, 10, 10, 1, '2020-12-20 10:36:07', '2077-09-05 10:36:07', '2020-12-20 18:54:02', '2020-12-20 18:54:02', 'Late Check In'),
(44, 11, 11, 1, '2020-12-20 10:36:23', '2077-09-05 10:36:23', '2020-12-20 18:54:02', '2020-12-20 18:54:02', 'Late Check In'),
(45, 13, 13, 1, '2020-12-20 10:47:54', '2077-09-05 10:47:54', '2020-12-20 18:54:02', '2020-12-20 18:54:02', 'Late Check In'),
(46, 18, 18, 1, '2020-12-20 17:03:56', '2077-09-05 17:03:56', '2020-12-21 01:22:53', '2020-12-21 01:22:53', 'Check Out'),
(47, 12, 12, 1, '2020-12-20 17:18:34', '2077-09-05 17:18:34', '2020-12-21 01:22:53', '2020-12-21 01:22:53', 'Check Out'),
(48, 15, 15, 1, '2020-12-20 17:27:40', '2077-09-05 17:27:40', '2020-12-21 02:08:31', '2020-12-21 02:08:31', 'Check Out'),
(49, 11, 11, 1, '2020-12-20 18:38:45', '2077-09-05 18:38:45', '2020-12-21 18:49:31', '2020-12-21 18:49:31', 'Check Out'),
(50, 18, 18, 1, '2020-12-21 09:00:39', '2077-09-06 09:00:39', '2020-12-21 18:49:31', '2020-12-21 18:49:31', 'Check In'),
(51, 16, 16, 1, '2020-12-21 09:20:25', '2077-09-06 09:20:25', '2020-12-21 18:49:31', '2020-12-21 18:49:31', 'Check In'),
(52, 15, 15, 1, '2020-12-21 09:38:40', '2077-09-06 09:38:40', '2020-12-21 18:49:31', '2020-12-21 18:49:31', 'Check In'),
(53, 12, 12, 1, '2020-12-21 09:41:15', '2077-09-06 09:41:15', '2020-12-21 18:49:31', '2020-12-21 18:49:31', 'Check In'),
(54, 14, 14, 1, '2020-12-21 09:50:11', '2077-09-06 09:50:11', '2020-12-21 18:49:31', '2020-12-21 18:49:31', 'Check In'),
(55, 10, 10, 1, '2020-12-21 10:02:55', '2077-09-06 10:02:55', '2020-12-21 18:49:31', '2020-12-21 18:49:31', 'Check In'),
(56, 13, 13, 1, '2020-12-21 10:13:15', '2077-09-06 10:13:15', '2020-12-21 18:49:31', '2020-12-21 18:49:31', 'Check In'),
(57, 17, 17, 1, '2020-12-21 10:44:19', '2077-09-06 10:44:19', '2020-12-21 18:49:31', '2020-12-21 18:49:31', 'Late Check In'),
(58, 18, 18, 1, '2020-12-21 15:59:44', '2077-09-06 15:59:44', '2020-12-22 01:03:04', '2020-12-22 01:03:04', 'Early Check Out'),
(59, 12, 12, 1, '2020-12-21 17:12:55', '2077-09-06 17:12:55', '2020-12-22 21:26:13', '2020-12-22 21:26:13', 'Check Out'),
(60, 15, 15, 1, '2020-12-21 17:15:11', '2077-09-06 17:15:11', '2020-12-22 21:26:13', '2020-12-22 21:26:13', 'Check Out'),
(61, 11, 11, 1, '2020-12-21 18:18:03', '2077-09-06 18:18:03', '2020-12-22 21:26:13', '2020-12-22 21:26:13', 'Check Out'),
(62, 10, 10, 1, '2020-12-21 18:58:05', '2077-09-06 18:58:05', '2020-12-22 21:26:13', '2020-12-22 21:26:13', 'Check Out'),
(63, 16, 16, 1, '2020-12-22 09:27:37', '2077-09-07 09:27:37', '2020-12-22 21:26:13', '2020-12-22 21:26:13', 'Check In'),
(64, 15, 15, 1, '2020-12-22 09:36:13', '2077-09-07 09:36:13', '2020-12-22 21:26:13', '2020-12-22 21:26:13', 'Check In'),
(65, 18, 18, 1, '2020-12-22 09:36:18', '2077-09-07 09:36:18', '2020-12-22 21:26:13', '2020-12-22 21:26:13', 'Check In'),
(66, 12, 12, 1, '2020-12-22 09:54:44', '2077-09-07 09:54:44', '2020-12-22 21:26:13', '2020-12-22 21:26:13', 'Check In'),
(67, 14, 14, 1, '2020-12-22 09:58:28', '2077-09-07 09:58:28', '2020-12-22 21:26:13', '2020-12-22 21:26:13', 'Check In'),
(68, 13, 13, 1, '2020-12-22 10:13:02', '2077-09-07 10:13:02', '2020-12-22 21:26:14', '2020-12-22 21:26:14', 'Check In'),
(69, 11, 11, 1, '2020-12-22 13:31:59', '2077-09-07 13:31:59', '2020-12-22 21:31:59', '2020-12-22 21:31:59', 'Late Check In'),
(70, 17, 17, 1, '2020-12-22 15:43:28', '2077-09-07 15:43:28', '2020-12-22 23:43:28', '2020-12-22 23:43:28', 'Late Check In'),
(71, 18, 18, 1, '2020-12-22 16:10:30', '2077-09-07 16:10:30', '2020-12-23 00:10:30', '2020-12-23 00:10:30', 'Early Check Out'),
(72, 12, 12, 1, '2020-12-22 17:17:55', '2077-09-07 17:17:55', '2020-12-23 01:17:55', '2020-12-23 01:17:55', 'Check Out'),
(73, 15, 15, 1, '2020-12-22 17:28:30', '2077-09-07 17:28:30', '2020-12-23 01:28:30', '2020-12-23 01:28:30', 'Check Out'),
(74, 16, 16, 1, '2020-12-22 18:33:19', '2077-09-07 18:33:19', '2020-12-23 02:33:19', '2020-12-23 02:33:19', 'Check Out'),
(75, 11, 11, 1, '2020-12-22 18:33:48', '2077-09-07 18:33:48', '2020-12-23 02:33:48', '2020-12-23 02:33:48', 'Check Out'),
(76, 16, 16, 1, '2020-12-23 09:35:37', '2077-09-08 09:35:37', '2020-12-23 17:35:37', '2020-12-23 17:35:37', 'Check In'),
(77, 18, 18, 1, '2020-12-23 09:35:42', '2077-09-08 09:35:42', '2020-12-23 17:35:42', '2020-12-23 17:35:42', 'Check In'),
(78, 12, 12, 1, '2020-12-23 09:48:07', '2077-09-08 09:48:07', '2020-12-23 17:48:07', '2020-12-23 17:48:07', 'Check In'),
(79, 15, 15, 1, '2020-12-23 09:49:27', '2077-09-08 09:49:27', '2020-12-23 17:49:27', '2020-12-23 17:49:27', 'Check In'),
(80, 13, 13, 1, '2020-12-23 10:12:56', '2077-09-08 10:12:56', '2020-12-23 18:12:56', '2020-12-23 18:12:56', 'Check In'),
(81, 14, 14, 1, '2020-12-23 10:13:05', '2077-09-08 10:13:05', '2020-12-23 18:13:05', '2020-12-23 18:13:05', 'Check In'),
(82, 18, 18, 1, '2020-12-23 16:01:23', '2077-09-08 16:01:23', '2020-12-24 00:01:23', '2020-12-24 00:01:23', 'Late Check In'),
(83, 16, 16, 1, '2020-12-23 17:02:38', '2077-09-08 17:02:38', '2020-12-24 01:02:38', '2020-12-24 01:02:38', 'Check Out'),
(84, 14, 14, 1, '2020-12-23 17:43:40', '2077-09-08 17:43:40', '2020-12-24 01:43:40', '2020-12-24 01:43:40', 'Check Out'),
(85, 15, 15, 1, '2020-12-23 17:47:04', '2077-09-08 17:47:04', '2020-12-24 01:47:04', '2020-12-24 01:47:04', 'Check Out'),
(86, 10, 10, 1, '2020-12-23 18:29:02', '2077-09-08 18:29:02', '2020-12-24 02:29:02', '2020-12-24 02:29:02', 'Check Out'),
(87, 16, 16, 1, '2020-12-24 09:14:31', '2077-09-09 09:14:31', '2020-12-24 17:14:31', '2020-12-24 17:14:31', 'Check In'),
(88, 17, 17, 1, '2020-12-24 09:15:01', '2077-09-09 09:15:01', '2020-12-24 17:15:01', '2020-12-24 17:15:01', 'Check In'),
(89, 15, 15, 1, '2020-12-24 09:44:51', '2077-09-09 09:44:51', '2020-12-24 17:44:51', '2020-12-24 17:44:51', 'Check In'),
(90, 12, 12, 1, '2020-12-24 09:51:04', '2077-09-09 09:51:04', '2020-12-24 17:51:04', '2020-12-24 17:51:04', 'Check In'),
(91, 11, 11, 1, '2020-12-24 09:51:16', '2077-09-09 09:51:16', '2020-12-24 17:51:16', '2020-12-24 17:51:16', 'Check In'),
(92, 14, 14, 1, '2020-12-24 09:55:05', '2077-09-09 09:55:05', '2020-12-24 17:55:05', '2020-12-24 17:55:05', 'Check In'),
(93, 13, 13, 1, '2020-12-24 10:12:45', '2077-09-09 10:12:45', '2020-12-24 18:12:45', '2020-12-24 18:12:45', 'Check In'),
(94, 10, 10, 1, '2020-12-24 11:23:51', '2077-09-09 11:23:51', '2020-12-24 19:23:51', '2020-12-24 19:23:51', 'Late Check In'),
(95, 17, 17, 1, '2020-12-24 16:49:22', '2077-09-09 16:49:22', '2020-12-25 00:49:22', '2020-12-25 00:49:22', 'Check Out'),
(96, 17, 17, 1, '2020-12-24 16:49:23', '2077-09-09 16:49:23', '2020-12-25 00:49:23', '2020-12-25 00:49:23', 'Check Out'),
(97, 15, 15, 1, '2020-12-24 17:11:46', '2077-09-09 17:11:46', '2020-12-25 01:11:46', '2020-12-25 01:11:46', 'Check Out'),
(98, 12, 12, 1, '2020-12-24 17:12:06', '2077-09-09 17:12:06', '2020-12-25 01:12:06', '2020-12-25 01:12:06', 'Check Out'),
(99, 13, 13, 1, '2020-12-24 17:12:40', '2077-09-09 17:12:40', '2020-12-25 01:12:40', '2020-12-25 01:12:40', 'Check Out'),
(100, 14, 14, 1, '2020-12-24 17:55:06', '2077-09-09 17:55:06', '2020-12-25 01:55:06', '2020-12-25 01:55:06', 'Check Out'),
(101, 11, 11, 1, '2020-12-24 18:37:06', '2077-09-09 18:37:06', '2020-12-25 02:37:06', '2020-12-25 02:37:06', 'Check Out'),
(102, 16, 16, 1, '2020-12-25 09:21:23', '2077-09-10 09:21:23', '2020-12-25 17:21:23', '2020-12-25 17:21:23', 'Check In'),
(103, 18, 18, 1, '2020-12-25 09:21:27', '2077-09-10 09:21:27', '2020-12-25 17:21:27', '2020-12-25 17:21:27', 'Check In'),
(104, 14, 14, 1, '2020-12-25 09:43:13', '2077-09-10 09:43:13', '2020-12-25 17:43:13', '2020-12-25 17:43:13', 'Check In'),
(105, 15, 15, 1, '2020-12-25 09:50:34', '2077-09-10 09:50:34', '2020-12-25 17:50:34', '2020-12-25 17:50:34', 'Check In'),
(106, 12, 12, 1, '2020-12-25 09:53:24', '2077-09-10 09:53:24', '2020-12-25 17:53:24', '2020-12-25 17:53:24', 'Check In'),
(107, 10, 10, 1, '2020-12-25 09:54:00', '2077-09-10 09:54:00', '2020-12-25 17:54:00', '2020-12-25 17:54:00', 'Check In'),
(108, 11, 11, 1, '2020-12-25 10:10:50', '2077-09-10 10:10:50', '2020-12-25 18:10:50', '2020-12-25 18:10:50', 'Check In'),
(109, 13, 13, 1, '2020-12-25 10:12:07', '2077-09-10 10:12:07', '2020-12-25 18:12:07', '2020-12-25 18:12:07', 'Check In'),
(110, 18, 18, 1, '2020-12-25 12:47:57', '2077-09-10 12:47:57', '2020-12-25 20:47:57', '2020-12-25 20:47:57', 'Late Check In'),
(111, 12, 12, 1, '2020-12-25 16:12:54', '2077-09-10 16:12:54', '2020-12-26 00:12:54', '2020-12-26 00:12:54', 'Late Check In'),
(112, 16, 16, 1, '2020-12-25 16:46:28', '2077-09-10 16:46:28', '2020-12-26 00:46:28', '2020-12-26 00:46:28', 'Check Out'),
(113, 15, 15, 1, '2020-12-25 16:48:07', '2077-09-10 16:48:07', '2020-12-26 00:48:07', '2020-12-26 00:48:07', 'Check Out'),
(114, 13, 13, 1, '2020-12-25 17:09:55', '2077-09-10 17:09:55', '2020-12-26 01:09:55', '2020-12-26 01:09:55', 'Check Out'),
(115, 10, 10, 1, '2020-12-25 18:39:45', '2077-09-10 18:39:45', '2020-12-26 02:39:45', '2020-12-26 02:39:45', 'Check Out'),
(116, 16, 16, 1, '2020-12-27 09:21:26', '2077-09-12 09:21:26', '2020-12-27 17:21:26', '2020-12-27 17:21:26', 'Check In'),
(117, 18, 18, 1, '2020-12-27 09:22:15', '2077-09-12 09:22:15', '2020-12-27 17:22:15', '2020-12-27 17:22:15', 'Check In'),
(118, 14, 14, 1, '2020-12-27 09:52:52', '2077-09-12 09:52:52', '2020-12-27 17:52:52', '2020-12-27 17:52:52', 'Check In'),
(119, 15, 15, 1, '2020-12-27 09:58:27', '2077-09-12 09:58:27', '2020-12-27 17:58:27', '2020-12-27 17:58:27', 'Check In'),
(120, 12, 12, 1, '2020-12-27 10:07:14', '2077-09-12 10:07:14', '2020-12-27 18:07:14', '2020-12-27 18:07:14', 'Check In'),
(121, 13, 13, 1, '2020-12-27 10:20:54', '2077-09-12 10:20:54', '2020-12-27 18:20:54', '2020-12-27 18:20:54', 'Check In'),
(122, 17, 17, 1, '2020-12-27 12:27:40', '2077-09-12 12:27:40', '2020-12-27 20:27:40', '2020-12-27 20:27:40', 'Late Check In'),
(123, 12, 12, 1, '2020-12-27 14:29:20', '2077-09-12 14:29:20', '2020-12-27 22:29:20', '2020-12-27 22:29:20', 'Late Check In'),
(124, 18, 18, 1, '2020-12-27 16:32:44', '2077-09-12 16:32:44', '2020-12-28 00:32:44', '2020-12-28 00:32:44', 'Check Out'),
(125, 13, 13, 1, '2020-12-27 17:06:20', '2077-09-12 17:06:20', '2020-12-28 01:06:20', '2020-12-28 01:06:20', 'Check Out'),
(126, 15, 15, 1, '2020-12-27 17:09:06', '2077-09-12 17:09:06', '2020-12-28 01:09:06', '2020-12-28 01:09:06', 'Check Out'),
(127, 16, 16, 1, '2020-12-27 17:52:36', '2077-09-12 17:52:36', '2020-12-28 01:52:36', '2020-12-28 01:52:36', 'Check Out'),
(128, 14, 14, 1, '2020-12-27 17:57:03', '2077-09-12 17:57:03', '2020-12-28 01:57:03', '2020-12-28 01:57:03', 'Check Out'),
(129, 11, 11, 1, '2020-12-27 18:55:07', '2077-09-12 18:55:07', '2020-12-28 02:55:07', '2020-12-28 02:55:07', 'Check Out'),
(130, 16, 16, 1, '2020-12-28 09:23:45', '2077-09-13 09:23:45', '2020-12-28 17:23:45', '2020-12-28 17:23:45', 'Check In'),
(131, 18, 18, 1, '2020-12-28 09:36:25', '2077-09-13 09:36:25', '2020-12-28 17:36:25', '2020-12-28 17:36:25', 'Check In'),
(132, 10, 10, 1, '2020-12-28 09:56:53', '2077-09-13 09:56:53', '2020-12-28 17:56:53', '2020-12-28 17:56:53', 'Check In'),
(133, 14, 14, 1, '2020-12-28 09:56:59', '2077-09-13 09:56:59', '2020-12-28 17:56:59', '2020-12-28 17:56:59', 'Check In'),
(134, 13, 13, 1, '2020-12-28 10:12:30', '2077-09-13 10:12:30', '2020-12-28 18:12:30', '2020-12-28 18:12:30', 'Check In'),
(135, 11, 11, 1, '2020-12-28 11:18:54', '2077-09-13 11:18:54', '2020-12-28 19:18:54', '2020-12-28 19:18:54', 'Late Check In'),
(136, 15, 15, 1, '2020-12-28 11:28:34', '2077-09-13 11:28:34', '2020-12-28 19:28:34', '2020-12-28 19:28:34', 'Late Check In'),
(137, 15, 15, 1, '2020-12-28 11:28:36', '2077-09-13 11:28:36', '2020-12-28 19:28:36', '2020-12-28 19:28:36', 'Late Check In'),
(138, 11, 11, 1, '2020-12-28 11:29:01', '2077-09-13 11:29:01', '2020-12-28 19:29:01', '2020-12-28 19:29:01', 'Late Check In'),
(139, 11, 11, 1, '2020-12-28 11:29:03', '2077-09-13 11:29:03', '2020-12-28 19:29:03', '2020-12-28 19:29:03', 'Late Check In'),
(140, 15, 15, 1, '2020-12-28 15:47:23', '2077-09-13 15:47:23', '2020-12-28 23:47:23', '2020-12-28 23:47:23', 'Late Check In'),
(141, 18, 18, 1, '2020-12-28 16:08:33', '2077-09-13 16:08:33', '2020-12-29 00:08:33', '2020-12-29 00:08:33', 'Late Check In'),
(142, 13, 13, 1, '2020-12-28 17:16:25', '2077-09-13 17:16:25', '2020-12-29 01:16:25', '2020-12-29 01:16:25', 'Check Out'),
(143, 14, 14, 1, '2020-12-28 17:31:49', '2077-09-13 17:31:49', '2020-12-29 01:31:49', '2020-12-29 01:31:49', 'Check Out'),
(144, 16, 16, 1, '2020-12-29 09:22:28', '2077-09-14 09:22:28', '2020-12-29 17:22:28', '2020-12-29 17:22:28', 'Check In'),
(145, 18, 18, 1, '2020-12-29 09:32:11', '2077-09-14 09:32:11', '2020-12-29 17:32:11', '2020-12-29 17:32:11', 'Check In'),
(146, 10, 10, 1, '2020-12-29 09:48:03', '2077-09-14 09:48:03', '2020-12-29 17:48:03', '2020-12-29 17:48:03', 'Check In'),
(147, 14, 14, 1, '2020-12-29 10:00:03', '2077-09-14 10:00:03', '2020-12-29 18:00:03', '2020-12-29 18:00:03', 'Check In'),
(148, 12, 12, 1, '2020-12-29 10:05:47', '2077-09-14 10:05:47', '2020-12-29 18:05:47', '2020-12-29 18:05:47', 'Check In'),
(149, 13, 13, 1, '2020-12-29 10:18:52', '2077-09-14 10:18:52', '2020-12-29 18:18:52', '2020-12-29 18:18:52', 'Check In'),
(150, 18, 18, 1, '2020-12-29 16:04:03', '2077-09-14 16:04:03', '2020-12-30 00:04:03', '2020-12-30 00:04:03', 'Late Check In'),
(151, 13, 13, 1, '2020-12-29 17:19:21', '2077-09-14 17:19:21', '2020-12-30 01:19:21', '2020-12-30 01:19:21', 'Check Out'),
(152, 12, 12, 1, '2020-12-29 17:19:36', '2077-09-14 17:19:36', '2020-12-30 01:19:36', '2020-12-30 01:19:36', 'Check Out'),
(153, 16, 16, 1, '2020-12-29 17:20:44', '2077-09-14 17:20:44', '2020-12-30 01:20:44', '2020-12-30 01:20:44', 'Check Out'),
(154, 16, 16, 1, '2020-12-30 09:21:03', '2077-09-15 09:21:03', '2020-12-30 17:21:03', '2020-12-30 17:21:03', 'Check In'),
(155, 12, 12, 1, '2020-12-30 09:34:26', '2077-09-15 09:34:26', '2020-12-30 17:34:26', '2020-12-30 17:34:26', 'Check In'),
(156, 15, 15, 1, '2020-12-30 09:37:53', '2077-09-15 09:37:53', '2020-12-30 17:37:53', '2020-12-30 17:37:53', 'Check In'),
(157, 18, 18, 1, '2020-12-30 09:42:43', '2077-09-15 09:42:43', '2020-12-30 17:42:43', '2020-12-30 17:42:43', 'Check In'),
(158, 14, 14, 1, '2020-12-30 10:02:42', '2077-09-15 10:02:42', '2020-12-30 18:02:42', '2020-12-30 18:02:42', 'Check In'),
(159, 13, 13, 1, '2020-12-30 10:14:49', '2077-09-15 10:14:49', '2020-12-30 18:14:49', '2020-12-30 18:14:49', 'Check In'),
(160, 18, 18, 1, '2020-12-30 16:15:06', '2077-09-15 16:15:06', '2020-12-31 00:15:06', '2020-12-31 00:15:06', 'Late Check In'),
(161, 15, 15, 1, '2020-12-30 17:15:03', '2077-09-15 17:15:03', '2020-12-31 01:15:03', '2020-12-31 01:15:03', 'Check Out'),
(162, 12, 12, 1, '2020-12-30 17:18:43', '2077-09-15 17:18:43', '2020-12-31 01:18:43', '2020-12-31 01:18:43', 'Check Out'),
(163, 13, 13, 1, '2020-12-30 17:24:30', '2077-09-15 17:24:30', '2020-12-31 01:24:30', '2020-12-31 01:24:30', 'Check Out'),
(164, 14, 14, 1, '2020-12-30 17:39:19', '2077-09-15 17:39:19', '2020-12-31 01:39:19', '2020-12-31 01:39:19', 'Check Out'),
(165, 17, 17, 1, '2020-12-30 17:49:57', '2077-09-15 17:49:57', '2020-12-31 01:49:57', '2020-12-31 01:49:57', 'Check Out'),
(166, 17, 17, 1, '2020-12-30 17:50:05', '2077-09-15 17:50:05', '2020-12-31 01:50:05', '2020-12-31 01:50:05', 'Check Out'),
(167, 17, 17, 1, '2020-12-30 17:50:13', '2077-09-15 17:50:13', '2020-12-31 01:50:13', '2020-12-31 01:50:13', 'Check Out'),
(168, 17, 17, 1, '2020-12-30 17:50:15', '2077-09-15 17:50:15', '2020-12-31 01:50:15', '2020-12-31 01:50:15', 'Check Out'),
(169, 16, 16, 1, '2020-12-30 18:04:39', '2077-09-15 18:04:39', '2020-12-31 02:04:39', '2020-12-31 02:04:39', 'Check Out'),
(170, 17, 17, 1, '2020-12-30 18:04:49', '2077-09-15 18:04:49', '2020-12-31 02:04:49', '2020-12-31 02:04:49', 'Check Out'),
(171, 17, 17, 1, '2020-12-30 18:04:57', '2077-09-15 18:04:57', '2020-12-31 02:04:57', '2020-12-31 02:04:57', 'Check Out'),
(172, 17, 17, 1, '2020-12-30 18:04:58', '2077-09-15 18:04:58', '2020-12-31 02:04:58', '2020-12-31 02:04:58', 'Check Out'),
(173, 10, 10, 1, '2020-12-30 18:32:57', '2077-09-15 18:32:57', '2020-12-31 02:32:57', '2020-12-31 02:32:57', 'Check Out'),
(174, 18, 18, 1, '2020-12-31 09:38:23', '2077-09-16 09:38:23', '2020-12-31 17:38:23', '2020-12-31 17:38:23', 'Check In'),
(175, 16, 16, 1, '2020-12-31 09:43:06', '2077-09-16 09:43:06', '2020-12-31 17:43:06', '2020-12-31 17:43:06', 'Check In'),
(176, 17, 17, 1, '2020-12-31 09:43:20', '2077-09-16 09:43:20', '2020-12-31 17:43:20', '2020-12-31 17:43:20', 'Check In'),
(177, 15, 15, 1, '2020-12-31 09:46:31', '2077-09-16 09:46:31', '2020-12-31 17:46:31', '2020-12-31 17:46:31', 'Check In'),
(178, 12, 12, 1, '2020-12-31 09:50:13', '2077-09-16 09:50:13', '2020-12-31 17:50:13', '2020-12-31 17:50:13', 'Check In'),
(179, 14, 14, 1, '2020-12-31 09:55:17', '2077-09-16 09:55:17', '2020-12-31 17:55:17', '2020-12-31 17:55:17', 'Check In'),
(180, 13, 13, 1, '2020-12-31 10:14:36', '2077-09-16 10:14:36', '2020-12-31 18:14:36', '2020-12-31 18:14:36', 'Check In'),
(181, 18, 18, 1, '2020-12-31 16:03:35', '2077-09-16 16:03:35', '2021-01-01 00:03:35', '2021-01-01 00:03:35', 'Late Check In'),
(182, 12, 12, 1, '2020-12-31 17:16:26', '2077-09-16 17:16:26', '2021-01-01 01:16:26', '2021-01-01 01:16:26', 'Check Out'),
(183, 13, 13, 1, '2020-12-31 17:16:38', '2077-09-16 17:16:38', '2021-01-01 01:16:38', '2021-01-01 01:16:38', 'Check Out'),
(184, 15, 15, 1, '2020-12-31 17:27:29', '2077-09-16 17:27:29', '2021-01-01 01:27:29', '2021-01-01 01:27:29', 'Check Out'),
(185, 16, 16, 1, '2020-12-31 17:27:52', '2077-09-16 17:27:52', '2021-01-01 01:27:52', '2021-01-01 01:27:52', 'Check Out'),
(186, 10, 10, 1, '2020-12-31 17:30:08', '2077-09-16 17:30:08', '2021-01-01 01:30:08', '2021-01-01 01:30:08', 'Check Out'),
(187, 10, 10, 1, '2020-12-31 19:24:39', '2077-09-16 19:24:39', '2021-01-01 03:24:39', '2021-01-01 03:24:39', 'Check Out'),
(188, 18, 18, 1, '2021-01-01 09:26:43', '2077-09-17 09:26:43', '2021-01-01 17:26:43', '2021-01-01 17:26:43', 'Check In'),
(189, 16, 16, 1, '2021-01-01 09:33:13', '2077-09-17 09:33:13', '2021-01-01 17:33:13', '2021-01-01 17:33:13', 'Check In'),
(190, 17, 17, 1, '2021-01-01 09:33:37', '2077-09-17 09:33:37', '2021-01-01 17:33:37', '2021-01-01 17:33:37', 'Check In'),
(191, 15, 15, 1, '2021-01-01 09:50:07', '2077-09-17 09:50:07', '2021-01-01 17:50:07', '2021-01-01 17:50:07', 'Check In'),
(192, 15, 15, 1, '2021-01-01 09:50:10', '2077-09-17 09:50:10', '2021-01-01 17:50:10', '2021-01-01 17:50:10', 'Check In'),
(193, 12, 12, 1, '2021-01-01 09:50:58', '2077-09-17 09:50:58', '2021-01-01 17:50:58', '2021-01-01 17:50:58', 'Check In'),
(194, 14, 14, 1, '2021-01-01 09:55:51', '2077-09-17 09:55:51', '2021-01-01 17:55:51', '2021-01-01 17:55:51', 'Check In'),
(195, 13, 13, 1, '2021-01-01 10:13:54', '2077-09-17 10:13:54', '2021-01-01 18:13:54', '2021-01-01 18:13:54', 'Check In'),
(196, 10, 10, 1, '2021-01-01 10:15:01', '2077-09-17 10:15:01', '2021-01-01 18:15:01', '2021-01-01 18:15:01', 'Check In'),
(197, 18, 18, 1, '2021-01-01 16:11:57', '2077-09-17 16:11:57', '2021-01-02 00:11:57', '2021-01-02 00:11:57', 'Late Check In'),
(198, 15, 15, 1, '2021-01-01 17:11:31', '2077-09-17 17:11:31', '2021-01-02 01:11:31', '2021-01-02 01:11:31', 'Check Out'),
(199, 15, 15, 1, '2021-01-01 17:11:32', '2077-09-17 17:11:32', '2021-01-02 01:11:32', '2021-01-02 01:11:32', 'Check Out'),
(200, 12, 12, 1, '2021-01-01 17:14:07', '2077-09-17 17:14:07', '2021-01-02 01:14:07', '2021-01-02 01:14:07', 'Check Out'),
(201, 13, 13, 1, '2021-01-01 17:15:49', '2077-09-17 17:15:49', '2021-01-02 01:15:49', '2021-01-02 01:15:49', 'Check Out'),
(202, 17, 17, 1, '2021-01-01 17:41:05', '2077-09-17 17:41:05', '2021-01-02 01:41:05', '2021-01-02 01:41:05', 'Check Out'),
(203, 14, 14, 1, '2021-01-01 17:41:11', '2077-09-17 17:41:11', '2021-01-02 01:41:11', '2021-01-02 01:41:11', 'Check Out'),
(204, 16, 16, 1, '2021-01-01 18:01:26', '2077-09-17 18:01:26', '2021-01-02 02:01:26', '2021-01-02 02:01:26', 'Check Out'),
(205, 10, 10, 1, '2021-01-01 18:52:43', '2077-09-17 18:52:43', '2021-01-02 02:52:43', '2021-01-02 02:52:43', 'Check Out'),
(206, 18, 18, 1, '2021-01-03 09:21:28', '2077-09-19 09:21:28', '2021-01-03 17:21:28', '2021-01-03 17:21:28', 'Check In'),
(207, 10, 10, 1, '2021-01-03 09:24:56', '2077-09-19 09:24:56', '2021-01-03 17:24:56', '2021-01-03 17:24:56', 'Check In'),
(208, 17, 17, 1, '2021-01-03 09:29:04', '2077-09-19 09:29:04', '2021-01-03 17:29:04', '2021-01-03 17:29:04', 'Check In'),
(209, 16, 16, 1, '2021-01-03 09:30:10', '2077-09-19 09:30:10', '2021-01-03 17:30:10', '2021-01-03 17:30:10', 'Check In'),
(210, 15, 15, 1, '2021-01-03 09:43:27', '2077-09-19 09:43:27', '2021-01-03 17:43:27', '2021-01-03 17:43:27', 'Check In'),
(211, 14, 14, 1, '2021-01-03 09:50:52', '2077-09-19 09:50:52', '2021-01-03 17:50:52', '2021-01-03 17:50:52', 'Check In'),
(212, 12, 12, 1, '2021-01-03 10:07:11', '2077-09-19 10:07:11', '2021-01-03 18:07:11', '2021-01-03 18:07:11', 'Check In'),
(213, 13, 13, 1, '2021-01-03 10:15:10', '2077-09-19 10:15:10', '2021-01-03 18:15:10', '2021-01-03 18:15:10', 'Check In'),
(214, 18, 18, 1, '2021-01-03 16:07:17', '2077-09-19 16:07:17', '2021-01-04 00:07:17', '2021-01-04 00:07:17', 'Late Check In'),
(215, 17, 17, 1, '2021-01-03 16:38:04', '2077-09-19 16:38:04', '2021-01-04 00:38:04', '2021-01-04 00:38:04', 'Check Out'),
(216, 13, 13, 1, '2021-01-03 17:22:15', '2077-09-19 17:22:15', '2021-01-04 01:22:15', '2021-01-04 01:22:15', 'Check Out'),
(217, 14, 14, 1, '2021-01-03 17:23:50', '2077-09-19 17:23:50', '2021-01-04 01:23:50', '2021-01-04 01:23:50', 'Check Out'),
(218, 16, 16, 1, '2021-01-03 17:27:14', '2077-09-19 17:27:14', '2021-01-04 01:27:14', '2021-01-04 01:27:14', 'Check Out'),
(219, 12, 12, 1, '2021-01-03 17:33:38', '2077-09-19 17:33:38', '2021-01-04 01:33:38', '2021-01-04 01:33:38', 'Check Out'),
(220, 15, 15, 1, '2021-01-03 18:12:54', '2077-09-19 18:12:54', '2021-01-04 02:12:54', '2021-01-04 02:12:54', 'Check Out'),
(221, 10, 10, 1, '2021-01-03 18:37:12', '2077-09-19 18:37:12', '2021-01-04 02:37:12', '2021-01-04 02:37:12', 'Check Out'),
(222, 17, 17, 1, '2021-01-04 09:10:19', '2077-09-20 09:10:19', '2021-01-04 17:10:19', '2021-01-04 17:10:19', 'Check In'),
(223, 16, 16, 1, '2021-01-04 09:25:40', '2077-09-20 09:25:40', '2021-01-04 17:25:40', '2021-01-04 17:25:40', 'Check In'),
(224, 18, 18, 1, '2021-01-04 09:36:40', '2077-09-20 09:36:40', '2021-01-04 17:36:40', '2021-01-04 17:36:40', 'Check In'),
(225, 15, 15, 1, '2021-01-04 09:42:24', '2077-09-20 09:42:24', '2021-01-04 17:42:24', '2021-01-04 17:42:24', 'Check In'),
(226, 12, 12, 1, '2021-01-04 09:48:15', '2077-09-20 09:48:15', '2021-01-04 17:48:15', '2021-01-04 17:48:15', 'Check In'),
(227, 14, 14, 1, '2021-01-04 09:52:14', '2077-09-20 09:52:14', '2021-01-04 17:52:14', '2021-01-04 17:52:14', 'Check In'),
(228, 10, 10, 1, '2021-01-04 10:08:28', '2077-09-20 10:08:28', '2021-01-04 18:08:28', '2021-01-04 18:08:28', 'Check In'),
(229, 13, 13, 1, '2021-01-04 10:12:21', '2077-09-20 10:12:21', '2021-01-04 18:12:21', '2021-01-04 18:12:21', 'Check In'),
(230, 18, 18, 1, '2021-01-04 16:17:47', '2077-09-20 16:17:47', '2021-01-05 00:17:47', '2021-01-05 00:17:47', 'Late Check In'),
(231, 13, 13, 1, '2021-01-04 17:20:19', '2077-09-20 17:20:19', '2021-01-05 01:20:19', '2021-01-05 01:20:19', 'Check Out'),
(232, 15, 15, 1, '2021-01-04 17:29:22', '2077-09-20 17:29:22', '2021-01-05 01:29:22', '2021-01-05 01:29:22', 'Check Out'),
(233, 10, 10, 1, '2021-01-04 18:59:15', '2077-09-20 18:59:15', '2021-01-05 02:59:15', '2021-01-05 02:59:15', 'Check Out'),
(234, 16, 16, 1, '2021-01-04 19:00:32', '2077-09-20 19:00:32', '2021-01-05 03:00:32', '2021-01-05 03:00:32', 'Check Out'),
(235, 18, 18, 1, '2021-01-05 09:25:57', '2077-09-21 09:25:57', '2021-01-05 17:25:57', '2021-01-05 17:25:57', 'Check In'),
(236, 15, 15, 1, '2021-01-05 09:38:09', '2077-09-21 09:38:09', '2021-01-05 17:38:09', '2021-01-05 17:38:09', 'Check In'),
(237, 12, 12, 1, '2021-01-05 09:44:36', '2077-09-21 09:44:36', '2021-01-05 17:44:36', '2021-01-05 17:44:36', 'Check In'),
(238, 16, 16, 1, '2021-01-05 09:50:49', '2077-09-21 09:50:49', '2021-01-05 17:50:49', '2021-01-05 17:50:49', 'Check In'),
(239, 14, 14, 1, '2021-01-05 09:56:56', '2077-09-21 09:56:56', '2021-01-05 17:56:56', '2021-01-05 17:56:56', 'Check In'),
(240, 13, 13, 1, '2021-01-05 10:11:14', '2077-09-21 10:11:14', '2021-01-05 18:11:14', '2021-01-05 18:11:14', 'Check In'),
(241, 18, 18, 1, '2021-01-05 16:07:13', '2077-09-21 16:07:13', '2021-01-06 00:07:13', '2021-01-06 00:07:13', 'Late Check In'),
(242, 15, 15, 1, '2021-01-05 17:11:43', '2077-09-21 17:11:43', '2021-01-06 01:11:43', '2021-01-06 01:11:43', 'Check Out'),
(243, 13, 13, 1, '2021-01-05 17:23:27', '2077-09-21 17:23:27', '2021-01-06 01:23:27', '2021-01-06 01:23:27', 'Check Out'),
(244, 16, 16, 1, '2021-01-05 18:42:38', '2077-09-21 18:42:38', '2021-01-06 02:42:38', '2021-01-06 02:42:38', 'Check Out'),
(245, 14, 14, 1, '2021-01-05 18:42:43', '2077-09-21 18:42:43', '2021-01-06 02:42:43', '2021-01-06 02:42:43', 'Check Out'),
(246, 18, 18, 1, '2021-01-06 09:29:20', '2077-09-22 09:29:20', '2021-01-06 17:29:20', '2021-01-06 17:29:20', 'Check In'),
(247, 15, 15, 1, '2021-01-06 09:43:43', '2077-09-22 09:43:43', '2021-01-06 17:43:43', '2021-01-06 17:43:43', 'Check In'),
(248, 16, 16, 1, '2021-01-06 09:43:55', '2077-09-22 09:43:55', '2021-01-06 17:43:55', '2021-01-06 17:43:55', 'Check In'),
(249, 12, 12, 1, '2021-01-06 09:54:54', '2077-09-22 09:54:54', '2021-01-06 17:54:54', '2021-01-06 17:54:54', 'Check In'),
(250, 13, 13, 1, '2021-01-06 10:13:47', '2077-09-22 10:13:47', '2021-01-06 18:13:47', '2021-01-06 18:13:47', 'Check In'),
(251, 14, 14, 1, '2021-01-06 10:24:19', '2077-09-22 10:24:19', '2021-01-06 18:24:19', '2021-01-06 18:24:19', 'Check In'),
(252, 17, 17, 1, '2021-01-06 10:30:09', '2077-09-22 10:30:09', '2021-01-06 18:30:09', '2021-01-06 18:30:09', 'Late Check In'),
(253, 18, 18, 1, '2021-01-06 15:45:04', '2077-09-22 15:45:04', '2021-01-06 23:45:04', '2021-01-06 23:45:04', 'Late Check In'),
(254, 12, 12, 1, '2021-01-06 17:07:23', '2077-09-22 17:07:23', '2021-01-07 01:07:23', '2021-01-07 01:07:23', 'Check Out'),
(255, 15, 15, 1, '2021-01-06 17:07:30', '2077-09-22 17:07:30', '2021-01-07 01:07:30', '2021-01-07 01:07:30', 'Check Out'),
(256, 13, 13, 1, '2021-01-06 17:07:39', '2077-09-22 17:07:39', '2021-01-07 01:07:39', '2021-01-07 01:07:39', 'Check Out'),
(257, 15, 15, 1, '2021-01-06 17:12:11', '2077-09-22 17:12:11', '2021-01-07 01:12:11', '2021-01-07 01:12:11', 'Check Out'),
(258, 14, 14, 1, '2021-01-06 17:15:33', '2077-09-22 17:15:33', '2021-01-07 01:15:33', '2021-01-07 01:15:33', 'Check Out'),
(259, 16, 16, 1, '2021-01-06 17:20:17', '2077-09-22 17:20:17', '2021-01-07 01:20:17', '2021-01-07 01:20:17', 'Check Out'),
(260, 17, 17, 1, '2021-01-06 17:20:32', '2077-09-22 17:20:32', '2021-01-07 01:20:32', '2021-01-07 01:20:32', 'Check Out'),
(261, 10, 10, 1, '2021-01-06 19:02:15', '2077-09-22 19:02:15', '2021-01-07 03:02:15', '2021-01-07 03:02:15', 'Check Out'),
(262, 18, 18, 1, '2021-01-07 09:38:46', '2077-09-23 09:38:46', '2021-01-07 17:38:46', '2021-01-07 17:38:46', 'Check In'),
(263, 15, 15, 1, '2021-01-07 09:43:12', '2077-09-23 09:43:12', '2021-01-07 17:43:12', '2021-01-07 17:43:12', 'Check In'),
(264, 15, 15, 1, '2021-01-07 09:43:13', '2077-09-23 09:43:13', '2021-01-07 17:43:13', '2021-01-07 17:43:13', 'Check In'),
(265, 12, 12, 1, '2021-01-07 09:46:38', '2077-09-23 09:46:38', '2021-01-07 17:46:38', '2021-01-07 17:46:38', 'Check In'),
(266, 14, 14, 1, '2021-01-07 09:49:00', '2077-09-23 09:49:00', '2021-01-07 17:49:00', '2021-01-07 17:49:00', 'Check In'),
(267, 17, 17, 1, '2021-01-07 09:54:50', '2077-09-23 09:54:50', '2021-01-07 17:54:50', '2021-01-07 17:54:50', 'Check In'),
(268, 16, 16, 1, '2021-01-07 09:54:53', '2077-09-23 09:54:53', '2021-01-07 17:54:53', '2021-01-07 17:54:53', 'Check In'),
(269, 13, 13, 1, '2021-01-07 10:14:17', '2077-09-23 10:14:17', '2021-01-07 18:14:17', '2021-01-07 18:14:17', 'Check In'),
(270, 10, 10, 1, '2021-01-07 10:46:27', '2077-09-23 10:46:27', '2021-01-07 18:46:27', '2021-01-07 18:46:27', 'Late Check In'),
(271, 15, 15, 1, '2021-01-07 17:15:09', '2077-09-23 17:15:09', '2021-01-08 01:15:09', '2021-01-08 01:15:09', 'Check Out'),
(272, 13, 13, 1, '2021-01-07 17:19:52', '2077-09-23 17:19:52', '2021-01-08 01:19:52', '2021-01-08 01:19:52', 'Check Out'),
(273, 12, 12, 1, '2021-01-07 17:20:16', '2077-09-23 17:20:16', '2021-01-08 01:20:16', '2021-01-08 01:20:16', 'Check Out'),
(274, 14, 14, 1, '2021-01-07 18:00:26', '2077-09-23 18:00:26', '2021-01-08 02:00:26', '2021-01-08 02:00:26', 'Check Out'),
(275, 17, 17, 1, '2021-01-07 18:00:38', '2077-09-23 18:00:38', '2021-01-08 02:00:38', '2021-01-08 02:00:38', 'Check Out'),
(276, 16, 16, 1, '2021-01-07 18:06:25', '2077-09-23 18:06:25', '2021-01-08 02:06:25', '2021-01-08 02:06:25', 'Check Out'),
(277, 10, 10, 1, '2021-01-07 19:24:50', '2077-09-23 19:24:50', '2021-01-08 03:24:50', '2021-01-08 03:24:50', 'Check Out'),
(278, 17, 17, 1, '2021-01-08 09:19:19', '2077-09-24 09:19:19', '2021-01-08 17:19:19', '2021-01-08 17:19:19', 'Check In'),
(279, 16, 16, 1, '2021-01-08 09:37:28', '2077-09-24 09:37:28', '2021-01-08 17:37:28', '2021-01-08 17:37:28', 'Check In'),
(280, 18, 18, 1, '2021-01-08 09:40:03', '2077-09-24 09:40:03', '2021-01-08 17:40:03', '2021-01-08 17:40:03', 'Check In'),
(281, 15, 15, 1, '2021-01-08 09:42:06', '2077-09-24 09:42:06', '2021-01-08 17:42:06', '2021-01-08 17:42:06', 'Check In'),
(282, 14, 14, 1, '2021-01-08 09:54:16', '2077-09-24 09:54:16', '2021-01-08 17:54:16', '2021-01-08 17:54:16', 'Check In'),
(283, 12, 12, 1, '2021-01-08 09:56:58', '2077-09-24 09:56:58', '2021-01-08 17:56:58', '2021-01-08 17:56:58', 'Check In'),
(284, 13, 13, 1, '2021-01-08 10:12:54', '2077-09-24 10:12:54', '2021-01-08 18:12:54', '2021-01-08 18:12:54', 'Check In'),
(285, 11, 11, 1, '2021-01-08 10:19:40', '2077-09-24 10:19:40', '2021-01-08 18:19:40', '2021-01-08 18:19:40', 'Check In'),
(286, 17, 17, 1, '2021-01-08 16:46:49', '2077-09-24 16:46:49', '2021-01-09 00:46:49', '2021-01-09 00:46:49', 'Check Out'),
(287, 15, 15, 1, '2021-01-08 17:13:04', '2077-09-24 17:13:04', '2021-01-09 01:13:04', '2021-01-09 01:13:04', 'Check Out'),
(288, 12, 12, 1, '2021-01-08 17:13:46', '2077-09-24 17:13:46', '2021-01-09 01:13:46', '2021-01-09 01:13:46', 'Check Out'),
(289, 13, 13, 1, '2021-01-08 17:13:54', '2077-09-24 17:13:54', '2021-01-09 01:13:54', '2021-01-09 01:13:54', 'Check Out'),
(290, 18, 18, 1, '2021-01-10 09:25:35', '2077-09-26 09:25:35', '2021-01-10 17:25:35', '2021-01-10 17:25:35', 'Check In'),
(291, 16, 16, 1, '2021-01-10 09:40:41', '2077-09-26 09:40:41', '2021-01-10 17:40:41', '2021-01-10 17:40:41', 'Check In'),
(292, 15, 15, 1, '2021-01-10 09:40:53', '2077-09-26 09:40:53', '2021-01-10 17:40:53', '2021-01-10 17:40:53', 'Check In'),
(293, 12, 12, 1, '2021-01-10 09:53:30', '2077-09-26 09:53:30', '2021-01-10 17:53:30', '2021-01-10 17:53:30', 'Check In'),
(294, 18, 18, 1, '2021-01-10 16:31:16', '2077-09-26 16:31:16', '2021-01-11 00:31:16', '2021-01-11 00:31:16', 'Check Out'),
(295, 12, 12, 1, '2021-01-10 17:15:26', '2077-09-26 17:15:26', '2021-01-11 01:15:26', '2021-01-11 01:15:26', 'Check Out'),
(296, 16, 16, 1, '2021-01-10 17:15:34', '2077-09-26 17:15:34', '2021-01-11 01:15:34', '2021-01-11 01:15:34', 'Check Out'),
(297, 14, 14, 1, '2021-01-10 17:19:21', '2077-09-26 17:19:21', '2021-01-11 01:19:21', '2021-01-11 01:19:21', 'Check Out'),
(298, 13, 13, 1, '2021-01-10 17:19:33', '2077-09-26 17:19:33', '2021-01-11 01:19:33', '2021-01-11 01:19:33', 'Check Out'),
(299, 15, 15, 1, '2021-01-10 17:26:43', '2077-09-26 17:26:43', '2021-01-11 01:26:43', '2021-01-11 01:26:43', 'Check Out'),
(300, 17, 17, 1, '2021-01-10 17:28:35', '2077-09-26 17:28:35', '2021-01-11 01:28:35', '2021-01-11 01:28:35', 'Check Out'),
(301, 17, 17, 1, '2021-01-11 09:21:09', '2077-09-27 09:21:09', '2021-01-11 17:21:09', '2021-01-11 17:21:09', 'Check In'),
(302, 16, 16, 1, '2021-01-11 09:27:56', '2077-09-27 09:27:56', '2021-01-11 17:27:56', '2021-01-11 17:27:56', 'Check In'),
(303, 15, 15, 1, '2021-01-11 09:44:01', '2077-09-27 09:44:01', '2021-01-11 17:44:01', '2021-01-11 17:44:01', 'Check In'),
(304, 18, 18, 1, '2021-01-11 09:44:45', '2077-09-27 09:44:45', '2021-01-11 17:44:45', '2021-01-11 17:44:45', 'Check In'),
(305, 14, 14, 1, '2021-01-11 09:46:06', '2077-09-27 09:46:06', '2021-01-11 17:46:06', '2021-01-11 17:46:06', 'Check In'),
(306, 10, 10, 1, '2021-01-11 09:47:16', '2077-09-27 09:47:16', '2021-01-11 17:47:16', '2021-01-11 17:47:16', 'Check In'),
(307, 12, 12, 1, '2021-01-11 09:49:18', '2077-09-27 09:49:18', '2021-01-11 17:49:18', '2021-01-11 17:49:18', 'Check In'),
(308, 13, 13, 1, '2021-01-11 10:11:26', '2077-09-27 10:11:26', '2021-01-11 18:11:26', '2021-01-11 18:11:26', 'Check In'),
(309, 16, 16, 1, '2021-01-11 16:16:25', '2077-09-27 16:16:25', '2021-01-12 00:16:25', '2021-01-12 00:16:25', 'Late Check In'),
(310, 18, 18, 1, '2021-01-11 16:31:29', '2077-09-27 16:31:29', '2021-01-12 00:31:29', '2021-01-12 00:31:29', 'Check Out'),
(311, 13, 13, 1, '2021-01-11 17:11:49', '2077-09-27 17:11:49', '2021-01-12 01:11:49', '2021-01-12 01:11:49', 'Check Out'),
(312, 14, 14, 1, '2021-01-11 17:12:11', '2077-09-27 17:12:11', '2021-01-12 01:12:11', '2021-01-12 01:12:11', 'Check Out'),
(313, 12, 12, 1, '2021-01-11 17:16:10', '2077-09-27 17:16:10', '2021-01-12 01:16:10', '2021-01-12 01:16:10', 'Check Out'),
(314, 15, 15, 1, '2021-01-11 17:17:39', '2077-09-27 17:17:39', '2021-01-12 01:17:39', '2021-01-12 01:17:39', 'Check Out'),
(315, 15, 15, 1, '2021-01-11 17:17:40', '2077-09-27 17:17:40', '2021-01-12 01:17:40', '2021-01-12 01:17:40', 'Check Out'),
(316, 18, 18, 1, '2021-01-12 09:43:23', '2077-09-28 09:43:23', '2021-01-12 17:43:23', '2021-01-12 17:43:23', 'Check In'),
(317, 12, 12, 1, '2021-01-12 09:44:27', '2077-09-28 09:44:27', '2021-01-12 17:44:27', '2021-01-12 17:44:27', 'Check In'),
(318, 14, 14, 1, '2021-01-12 09:47:16', '2077-09-28 09:47:16', '2021-01-12 17:47:16', '2021-01-12 17:47:16', 'Check In'),
(319, 16, 16, 1, '2021-01-12 09:55:30', '2077-09-28 09:55:30', '2021-01-12 17:55:30', '2021-01-12 17:55:30', 'Check In'),
(320, 17, 17, 1, '2021-01-12 09:55:37', '2077-09-28 09:55:37', '2021-01-12 17:55:37', '2021-01-12 17:55:37', 'Check In'),
(321, 15, 15, 1, '2021-01-12 10:01:21', '2077-09-28 10:01:21', '2021-01-12 18:01:21', '2021-01-12 18:01:21', 'Check In'),
(322, 13, 13, 1, '2021-01-12 10:13:25', '2077-09-28 10:13:25', '2021-01-12 18:13:25', '2021-01-12 18:13:25', 'Check In'),
(323, 18, 18, 1, '2021-01-12 16:26:18', '2077-09-28 16:26:18', '2021-01-13 00:26:18', '2021-01-13 00:26:18', 'Late Check In'),
(324, 13, 13, 1, '2021-01-12 17:10:18', '2077-09-28 17:10:18', '2021-01-13 01:10:18', '2021-01-13 01:10:18', 'Check Out'),
(325, 14, 14, 1, '2021-01-12 17:11:10', '2077-09-28 17:11:10', '2021-01-13 01:11:10', '2021-01-13 01:11:10', 'Check Out'),
(326, 17, 17, 1, '2021-01-12 17:12:19', '2077-09-28 17:12:19', '2021-01-13 01:12:19', '2021-01-13 01:12:19', 'Check Out'),
(327, 16, 16, 1, '2021-01-12 17:12:32', '2077-09-28 17:12:32', '2021-01-13 01:12:32', '2021-01-13 01:12:32', 'Check Out'),
(328, 15, 15, 1, '2021-01-12 17:12:57', '2077-09-28 17:12:57', '2021-01-13 01:12:57', '2021-01-13 01:12:57', 'Check Out'),
(329, 10, 10, 1, '2021-01-12 18:20:18', '2077-09-28 18:20:18', '2021-01-13 02:20:18', '2021-01-13 02:20:18', 'Check Out'),
(330, 18, 18, 1, '2021-01-13 09:12:26', '2077-09-29 09:12:26', '2021-01-13 17:12:26', '2021-01-13 17:12:26', 'Check In'),
(331, 16, 16, 1, '2021-01-13 09:36:57', '2077-09-29 09:36:57', '2021-01-13 17:36:57', '2021-01-13 17:36:57', 'Check In'),
(332, 15, 15, 1, '2021-01-13 09:40:44', '2077-09-29 09:40:44', '2021-01-13 17:40:44', '2021-01-13 17:40:44', 'Check In'),
(333, 17, 17, 1, '2021-01-13 09:42:21', '2077-09-29 09:42:21', '2021-01-13 17:42:21', '2021-01-13 17:42:21', 'Check In'),
(334, 12, 12, 1, '2021-01-13 09:45:15', '2077-09-29 09:45:15', '2021-01-13 17:45:15', '2021-01-13 17:45:15', 'Check In'),
(335, 10, 10, 1, '2021-01-13 09:45:22', '2077-09-29 09:45:22', '2021-01-13 17:45:22', '2021-01-13 17:45:22', 'Check In'),
(336, 14, 14, 1, '2021-01-13 09:53:44', '2077-09-29 09:53:44', '2021-01-13 17:53:44', '2021-01-13 17:53:44', 'Check In'),
(337, 13, 13, 1, '2021-01-13 10:12:12', '2077-09-29 10:12:12', '2021-01-13 18:12:12', '2021-01-13 18:12:12', 'Check In'),
(338, 18, 18, 1, '2021-01-13 17:17:02', '2077-09-29 17:17:02', '2021-01-14 01:17:02', '2021-01-14 01:17:02', 'Check Out'),
(339, 15, 15, 1, '2021-01-13 17:19:48', '2077-09-29 17:19:48', '2021-01-14 01:19:48', '2021-01-14 01:19:48', 'Check Out'),
(340, 13, 13, 1, '2021-01-13 17:23:12', '2077-09-29 17:23:12', '2021-01-14 01:23:12', '2021-01-14 01:23:12', 'Check Out'),
(341, 14, 14, 1, '2021-01-13 17:34:46', '2077-09-29 17:34:46', '2021-01-14 01:34:46', '2021-01-14 01:34:46', 'Check Out'),
(342, 17, 17, 1, '2021-01-13 17:34:57', '2077-09-29 17:34:57', '2021-01-14 01:34:57', '2021-01-14 01:34:57', 'Check Out'),
(343, 17, 17, 1, '2021-01-13 17:34:59', '2077-09-29 17:34:59', '2021-01-14 01:34:59', '2021-01-14 01:34:59', 'Check Out'),
(344, 12, 12, 1, '2021-01-13 17:55:12', '2077-09-29 17:55:12', '2021-01-14 01:55:12', '2021-01-14 01:55:12', 'Check Out'),
(345, 18, 18, 1, '2021-01-15 09:15:32', '2077-10-02 09:15:32', '2021-01-15 17:15:32', '2021-01-15 17:15:32', 'Check In'),
(346, 12, 12, 1, '2021-01-15 09:47:11', '2077-10-02 09:47:11', '2021-01-15 17:47:11', '2021-01-15 17:47:11', 'Check In'),
(347, 15, 15, 1, '2021-01-15 09:53:40', '2077-10-02 09:53:40', '2021-01-15 17:53:40', '2021-01-15 17:53:40', 'Check In'),
(348, 14, 14, 1, '2021-01-15 09:53:52', '2077-10-02 09:53:52', '2021-01-15 17:53:52', '2021-01-15 17:53:52', 'Check In'),
(349, 16, 16, 1, '2021-01-15 10:09:53', '2077-10-02 10:09:53', '2021-01-15 18:09:53', '2021-01-15 18:09:53', 'Check In'),
(350, 10, 10, 1, '2021-01-15 10:11:48', '2077-10-02 10:11:48', '2021-01-15 18:11:48', '2021-01-15 18:11:48', 'Check In'),
(351, 13, 13, 1, '2021-01-15 10:15:19', '2077-10-02 10:15:19', '2021-01-15 18:15:19', '2021-01-15 18:15:19', 'Check In'),
(352, 18, 18, 1, '2021-01-15 16:30:52', '2077-10-02 16:30:52', '2021-01-16 00:30:52', '2021-01-16 00:30:52', 'Check Out'),
(353, 14, 14, 1, '2021-01-15 17:02:36', '2077-10-02 17:02:36', '2021-01-16 01:02:36', '2021-01-16 01:02:36', 'Check Out'),
(354, 12, 12, 1, '2021-01-15 17:21:38', '2077-10-02 17:21:38', '2021-01-16 01:21:38', '2021-01-16 01:21:38', 'Check Out'),
(355, 15, 15, 1, '2021-01-15 17:21:41', '2077-10-02 17:21:41', '2021-01-16 01:21:41', '2021-01-16 01:21:41', 'Check Out'),
(356, 13, 13, 1, '2021-01-15 17:22:28', '2077-10-02 17:22:28', '2021-01-16 01:22:28', '2021-01-16 01:22:28', 'Check Out'),
(357, 10, 10, 1, '2021-01-15 19:46:32', '2077-10-02 19:46:32', '2021-01-16 03:46:32', '2021-01-16 03:46:32', 'Check Out'),
(358, 18, 18, 1, '2021-01-17 09:06:47', '2077-10-04 09:06:47', '2021-01-17 17:06:47', '2021-01-17 17:06:47', 'Check In'),
(359, 16, 16, 1, '2021-01-17 09:28:10', '2077-10-04 09:28:10', '2021-01-17 17:28:10', '2021-01-17 17:28:10', 'Check In'),
(360, 12, 12, 1, '2021-01-17 09:58:59', '2077-10-04 09:58:59', '2021-01-17 17:58:59', '2021-01-17 17:58:59', 'Check In'),
(361, 14, 14, 1, '2021-01-17 09:59:04', '2077-10-04 09:59:04', '2021-01-17 17:59:04', '2021-01-17 17:59:04', 'Check In'),
(362, 10, 10, 1, '2021-01-17 10:13:54', '2077-10-04 10:13:54', '2021-01-17 18:13:54', '2021-01-17 18:13:54', 'Check In'),
(363, 13, 13, 1, '2021-01-17 10:15:11', '2077-10-04 10:15:11', '2021-01-17 18:15:11', '2021-01-17 18:15:11', 'Check In'),
(364, 18, 18, 1, '2021-01-17 16:10:19', '2077-10-04 16:10:19', '2021-01-18 00:10:19', '2021-01-18 00:10:19', 'Late Check In'),
(365, 15, 15, 1, '2021-01-17 17:11:39', '2077-10-04 17:11:39', '2021-01-18 01:11:39', '2021-01-18 01:11:39', 'Check Out'),
(366, 12, 12, 1, '2021-01-17 17:21:44', '2077-10-04 17:21:44', '2021-01-18 01:21:44', '2021-01-18 01:21:44', 'Check Out'),
(367, 13, 13, 1, '2021-01-17 17:28:16', '2077-10-04 17:28:16', '2021-01-18 01:28:16', '2021-01-18 01:28:16', 'Check Out'),
(368, 16, 16, 1, '2021-01-17 19:14:14', '2077-10-04 19:14:14', '2021-01-18 03:14:14', '2021-01-18 03:14:14', 'Check Out'),
(369, 18, 18, 1, '2021-01-18 09:17:53', '2077-10-05 09:17:53', '2021-01-18 17:17:53', '2021-01-18 17:17:53', 'Check In'),
(370, 16, 16, 1, '2021-01-18 09:31:32', '2077-10-05 09:31:32', '2021-01-18 17:31:32', '2021-01-18 17:31:32', 'Check In'),
(371, 17, 17, 1, '2021-01-18 09:31:43', '2077-10-05 09:31:43', '2021-01-18 17:31:43', '2021-01-18 17:31:43', 'Check In'),
(372, 15, 15, 1, '2021-01-18 09:48:32', '2077-10-05 09:48:32', '2021-01-18 17:48:32', '2021-01-18 17:48:32', 'Check In'),
(373, 12, 12, 1, '2021-01-18 09:49:43', '2077-10-05 09:49:43', '2021-01-18 17:49:43', '2021-01-18 17:49:43', 'Check In'),
(374, 14, 14, 1, '2021-01-18 10:01:42', '2077-10-05 10:01:42', '2021-01-18 18:01:42', '2021-01-18 18:01:42', 'Check In'),
(375, 13, 13, 1, '2021-01-18 10:13:30', '2077-10-05 10:13:30', '2021-01-18 18:13:30', '2021-01-18 18:13:30', 'Check In'),
(376, 13, 13, 1, '2021-01-18 10:13:36', '2077-10-05 10:13:36', '2021-01-18 18:13:36', '2021-01-18 18:13:36', 'Check In'),
(377, 10, 10, 1, '2021-01-18 10:37:50', '2077-10-05 10:37:50', '2021-01-18 18:37:50', '2021-01-18 18:37:50', 'Late Check In'),
(378, 11, 11, 1, '2021-01-18 14:59:50', '2077-10-05 14:59:50', '2021-01-18 22:59:50', '2021-01-18 22:59:50', 'Late Check In'),
(379, 12, 12, 1, '2021-01-18 15:07:23', '2077-10-05 15:07:23', '2021-01-18 23:07:23', '2021-01-18 23:07:23', 'Late Check In'),
(380, 12, 12, 1, '2021-01-18 15:12:55', '2077-10-05 15:12:55', '2021-01-18 23:12:55', '2021-01-18 23:12:55', 'Late Check In'),
(381, 12, 12, 1, '2021-01-18 15:12:59', '2077-10-05 15:12:59', '2021-01-18 23:12:59', '2021-01-18 23:12:59', 'Late Check In'),
(382, 12, 12, 1, '2021-01-18 15:19:47', '2077-10-05 15:19:47', '2021-01-18 23:19:47', '2021-01-18 23:19:47', 'Late Check In'),
(383, 12, 12, 1, '2021-01-18 15:19:53', '2077-10-05 15:19:53', '2021-01-18 23:19:53', '2021-01-18 23:19:53', 'Late Check In'),
(384, 12, 12, 1, '2021-01-18 15:23:27', '2077-10-05 15:23:27', '2021-01-18 23:23:27', '2021-01-18 23:23:27', 'Late Check In'),
(385, 12, 12, 1, '2021-01-18 15:23:31', '2077-10-05 15:23:31', '2021-01-18 23:23:31', '2021-01-18 23:23:31', 'Late Check In'),
(386, 12, 12, 1, '2021-01-18 15:35:34', '2077-10-05 15:35:34', '2021-01-18 23:35:34', '2021-01-18 23:35:34', 'Late Check In'),
(387, 14, 14, 1, '2021-01-18 15:47:40', '2077-10-05 15:47:40', '2021-01-18 23:47:40', '2021-01-18 23:47:40', 'Late Check In'),
(388, 12, 12, 1, '2021-01-18 15:49:05', '2077-10-05 15:49:05', '2021-01-18 23:49:05', '2021-01-18 23:49:05', 'Late Check In'),
(389, 12, 12, 1, '2021-01-18 15:53:31', '2077-10-05 15:53:31', '2021-01-18 23:53:31', '2021-01-18 23:53:31', 'Late Check In'),
(390, 12, 12, 1, '2021-01-18 15:53:35', '2077-10-05 15:53:35', '2021-01-18 23:53:35', '2021-01-18 23:53:35', 'Late Check In'),
(391, 15, 15, 1, '2021-01-18 17:03:43', '2077-10-05 17:03:43', '2021-01-19 01:03:43', '2021-01-19 01:03:43', 'Check Out'),
(392, 13, 13, 1, '2021-01-18 17:21:18', '2077-10-05 17:21:18', '2021-01-19 01:21:18', '2021-01-19 01:21:18', 'Check Out'),
(393, 17, 17, 1, '2021-01-18 17:35:52', '2077-10-05 17:35:52', '2021-01-19 01:35:52', '2021-01-19 01:35:52', 'Check Out'),
(394, 14, 14, 1, '2021-01-18 18:03:48', '2077-10-05 18:03:48', '2021-01-19 02:03:48', '2021-01-19 02:03:48', 'Check Out'),
(395, 16, 16, 1, '2021-01-18 18:12:26', '2077-10-05 18:12:26', '2021-01-19 02:12:26', '2021-01-19 02:12:26', 'Check Out'),
(396, 18, 18, 1, '2021-01-19 09:15:59', '2077-10-06 09:15:59', '2021-01-19 03:15:59', '2021-01-19 03:15:59', 'Check In'),
(397, 17, 17, 1, '2021-01-19 09:39:09', '2077-10-06 09:39:09', '2021-01-19 03:39:09', '2021-01-19 03:39:09', 'Check In'),
(398, 16, 16, 1, '2021-01-19 09:51:15', '2077-10-06 09:51:15', '2021-01-19 03:51:15', '2021-01-19 03:51:15', 'Check In'),
(399, 12, 12, 1, '2021-01-19 09:52:20', '2077-10-06 09:52:20', '2021-01-19 03:52:20', '2021-01-19 03:52:20', 'Check In'),
(400, 14, 14, 1, '2021-01-19 09:54:12', '2077-10-06 09:54:12', '2021-01-19 03:54:12', '2021-01-19 03:54:12', 'Check In'),
(401, 13, 13, 1, '2021-01-19 10:12:51', '2077-10-06 10:12:51', '2021-01-19 04:12:51', '2021-01-19 04:12:51', 'Check In'),
(402, 15, 15, 1, '2021-01-19 11:04:30', '2077-10-06 11:04:30', '2021-01-19 05:04:30', '2021-01-19 05:04:30', 'Late Check In'),
(403, 19, 19, 1, '2021-01-19 13:58:54', '2077-10-06 13:58:54', '2021-01-19 07:58:54', '2021-01-19 07:58:54', 'Late Check In'),
(404, 13, 13, 1, '2021-01-19 17:14:19', '2077-10-06 17:14:19', '2021-01-19 11:14:19', '2021-01-19 11:14:19', 'Check Out'),
(405, 18, 18, 1, '2021-01-19 17:50:43', '2077-10-06 17:50:43', '2021-01-19 11:50:43', '2021-01-19 11:50:43', 'Check Out'),
(406, 17, 17, 1, '2021-01-19 17:54:01', '2077-10-06 17:54:01', '2021-01-19 11:54:01', '2021-01-19 11:54:01', 'Check Out'),
(407, 16, 16, 1, '2021-01-19 18:26:32', '2077-10-06 18:26:32', '2021-01-19 12:26:32', '2021-01-19 12:26:32', 'Check Out'),
(408, 17, 17, 1, '2021-01-20 09:31:20', '2077-10-07 09:31:20', '2021-01-20 03:31:20', '2021-01-20 03:31:20', 'Check In'),
(409, 15, 15, 1, '2021-01-20 09:48:19', '2077-10-07 09:48:19', '2021-01-20 03:48:19', '2021-01-20 03:48:19', 'Check In'),
(410, 16, 16, 1, '2021-01-20 09:50:22', '2077-10-07 09:50:22', '2021-01-20 03:50:22', '2021-01-20 03:50:22', 'Check In'),
(411, 14, 14, 1, '2021-01-20 10:02:12', '2077-10-07 10:02:12', '2021-01-20 04:02:12', '2021-01-20 04:02:12', 'Check In'),
(412, 10, 10, 1, '2021-01-20 10:10:14', '2077-10-07 10:10:14', '2021-01-20 04:10:14', '2021-01-20 04:10:14', 'Check In');
INSERT INTO `attendances` (`id`, `uid`, `user_id`, `state`, `time_ad`, `time_bs`, `created_at`, `updated_at`, `status`) VALUES
(413, 13, 13, 1, '2021-01-20 10:14:29', '2077-10-07 10:14:29', '2021-01-20 04:14:29', '2021-01-20 04:14:29', 'Check In'),
(414, 13, 13, 1, '2021-01-20 17:08:25', '2077-10-07 17:08:25', '2021-01-20 11:08:25', '2021-01-20 11:08:25', 'Check Out'),
(415, 15, 15, 1, '2021-01-20 17:13:20', '2077-10-07 17:13:20', '2021-01-20 11:13:20', '2021-01-20 11:13:20', 'Check Out'),
(416, 17, 17, 1, '2021-01-20 17:20:32', '2077-10-07 17:20:32', '2021-01-20 11:20:32', '2021-01-20 11:20:32', 'Check Out'),
(417, 16, 16, 1, '2021-01-20 17:21:49', '2077-10-07 17:21:49', '2021-01-20 11:21:49', '2021-01-20 11:21:49', 'Check Out'),
(418, 10, 10, 1, '2021-01-20 18:50:11', '2077-10-07 18:50:11', '2021-01-20 12:50:11', '2021-01-20 12:50:11', 'Check Out'),
(419, 11, 11, 1, '2021-01-20 18:50:23', '2077-10-07 18:50:23', '2021-01-20 12:50:23', '2021-01-20 12:50:23', 'Check Out'),
(420, 12, 12, 1, '2021-01-21 09:30:05', '2077-10-08 09:30:05', '2021-01-21 03:30:05', '2021-01-21 03:30:05', 'Check In'),
(421, 17, 17, 1, '2021-01-21 09:38:21', '2077-10-08 09:38:21', '2021-01-21 03:38:21', '2021-01-21 03:38:21', 'Check In'),
(422, 15, 15, 1, '2021-01-21 09:48:16', '2077-10-08 09:48:16', '2021-01-21 03:48:16', '2021-01-21 03:48:16', 'Check In'),
(423, 14, 14, 1, '2021-01-21 09:51:33', '2077-10-08 09:51:33', '2021-01-21 03:51:33', '2021-01-21 03:51:33', 'Check In'),
(424, 16, 16, 1, '2021-01-21 09:57:58', '2077-10-08 09:57:58', '2021-01-21 03:57:58', '2021-01-21 03:57:58', 'Check In'),
(425, 13, 13, 1, '2021-01-21 10:12:56', '2077-10-08 10:12:56', '2021-01-21 04:12:56', '2021-01-21 04:12:56', 'Check In'),
(426, 15, 15, 1, '2021-01-21 17:12:35', '2077-10-08 17:12:35', '2021-01-21 11:12:35', '2021-01-21 11:12:35', 'Check Out'),
(427, 12, 12, 1, '2021-01-21 17:23:57', '2077-10-08 17:23:57', '2021-01-21 11:23:57', '2021-01-21 11:23:57', 'Check Out'),
(428, 13, 13, 1, '2021-01-21 17:25:00', '2077-10-08 17:25:00', '2021-01-21 11:25:00', '2021-01-21 11:25:00', 'Check Out'),
(429, 16, 16, 1, '2021-01-21 17:53:46', '2077-10-08 17:53:46', '2021-01-21 11:53:46', '2021-01-21 11:53:46', 'Check Out'),
(430, 17, 17, 1, '2021-01-21 17:53:52', '2077-10-08 17:53:52', '2021-01-21 11:53:52', '2021-01-21 11:53:52', 'Check Out'),
(431, 10, 10, 1, '2021-01-21 19:10:39', '2077-10-08 19:10:39', '2021-01-21 13:10:39', '2021-01-21 13:10:39', 'Check Out'),
(432, 16, 16, 1, '2021-01-22 09:41:37', '2077-10-09 09:41:37', '2021-01-22 03:41:37', '2021-01-22 03:41:37', 'Check In'),
(433, 12, 12, 1, '2021-01-22 09:43:49', '2077-10-09 09:43:49', '2021-01-22 03:43:49', '2021-01-22 03:43:49', 'Check In'),
(434, 15, 15, 1, '2021-01-22 09:51:52', '2077-10-09 09:51:52', '2021-01-22 03:51:52', '2021-01-22 03:51:52', 'Check In'),
(435, 13, 13, 1, '2021-01-22 10:14:58', '2077-10-09 10:14:58', '2021-01-22 04:14:58', '2021-01-22 04:14:58', 'Check In'),
(436, 17, 17, 1, '2021-01-22 10:21:03', '2077-10-09 10:21:03', '2021-01-22 04:21:03', '2021-01-22 04:21:03', 'Check In'),
(437, 14, 14, 1, '2021-01-22 10:21:07', '2077-10-09 10:21:07', '2021-01-22 04:21:07', '2021-01-22 04:21:07', 'Check In'),
(438, 15, 15, 1, '2021-01-22 15:39:07', '2077-10-09 15:39:07', '2021-01-22 09:39:07', '2021-01-22 09:39:07', 'Late Check In'),
(439, 10, 10, 1, '2021-01-22 16:09:09', '2077-10-09 16:09:09', '2021-01-22 10:09:09', '2021-01-22 10:09:09', 'Late Check In'),
(440, 13, 13, 1, '2021-01-22 17:17:34', '2077-10-09 17:17:34', '2021-01-22 11:17:34', '2021-01-22 11:17:34', 'Check Out'),
(441, 17, 17, 1, '2021-01-22 17:36:26', '2077-10-09 17:36:26', '2021-01-22 11:36:26', '2021-01-22 11:36:26', 'Check Out'),
(442, 16, 16, 1, '2021-01-22 17:39:59', '2077-10-09 17:39:59', '2021-01-22 11:39:59', '2021-01-22 11:39:59', 'Check Out'),
(443, 16, 16, 1, '2021-01-24 09:20:22', '2077-10-11 09:20:22', '2021-01-24 03:20:22', '2021-01-24 03:20:22', 'Check In'),
(444, 12, 12, 1, '2021-01-24 09:33:16', '2077-10-11 09:33:16', '2021-01-24 03:33:16', '2021-01-24 03:33:16', 'Check In'),
(445, 10, 10, 1, '2021-01-24 09:41:42', '2077-10-11 09:41:42', '2021-01-24 03:41:42', '2021-01-24 03:41:42', 'Check In'),
(446, 15, 15, 1, '2021-01-24 09:52:05', '2077-10-11 09:52:05', '2021-01-24 03:52:05', '2021-01-24 03:52:05', 'Check In'),
(447, 13, 13, 1, '2021-01-24 10:07:25', '2077-10-11 10:07:25', '2021-01-24 04:07:25', '2021-01-24 04:07:25', 'Check In'),
(448, 14, 14, 1, '2021-01-24 10:13:29', '2077-10-11 10:13:29', '2021-01-24 04:13:29', '2021-01-24 04:13:29', 'Check In'),
(449, 17, 17, 1, '2021-01-24 10:13:35', '2077-10-11 10:13:35', '2021-01-24 04:13:35', '2021-01-24 04:13:35', 'Check In'),
(450, 15, 15, 1, '2021-01-24 17:16:32', '2077-10-11 17:16:32', '2021-01-24 11:16:32', '2021-01-24 11:16:32', 'Check Out'),
(451, 13, 13, 1, '2021-01-24 17:24:54', '2077-10-11 17:24:54', '2021-01-24 11:24:54', '2021-01-24 11:24:54', 'Check Out'),
(452, 16, 16, 1, '2021-01-24 18:20:25', '2077-10-11 18:20:25', '2021-01-24 12:20:25', '2021-01-24 12:20:25', 'Check Out'),
(453, 10, 10, 1, '2021-01-24 18:49:12', '2077-10-11 18:49:12', '2021-01-24 12:49:12', '2021-01-24 12:49:12', 'Check Out'),
(454, 12, 12, 1, '2021-01-25 09:41:12', '2077-10-12 09:41:12', '2021-01-25 03:41:12', '2021-01-25 03:41:12', 'Check In'),
(455, 15, 15, 1, '2021-01-25 09:41:17', '2077-10-12 09:41:17', '2021-01-25 03:41:17', '2021-01-25 03:41:17', 'Check In'),
(456, 17, 17, 1, '2021-01-25 09:41:33', '2077-10-12 09:41:33', '2021-01-25 03:41:33', '2021-01-25 03:41:33', 'Check In'),
(457, 10, 10, 1, '2021-01-25 09:44:20', '2077-10-12 09:44:20', '2021-01-25 03:44:20', '2021-01-25 03:44:20', 'Check In'),
(458, 16, 16, 1, '2021-01-25 09:47:11', '2077-10-12 09:47:11', '2021-01-25 03:47:11', '2021-01-25 03:47:11', 'Check In'),
(459, 14, 14, 1, '2021-01-25 09:57:08', '2077-10-12 09:57:08', '2021-01-25 03:57:08', '2021-01-25 03:57:08', 'Check In'),
(460, 13, 13, 1, '2021-01-25 17:22:43', '2077-10-12 17:22:43', '2021-01-25 11:22:43', '2021-01-25 11:22:43', 'Check Out'),
(461, 12, 12, 1, '2021-01-25 17:24:08', '2077-10-12 17:24:08', '2021-01-25 11:24:08', '2021-01-25 11:24:08', 'Check Out'),
(462, 14, 14, 1, '2021-01-25 17:24:13', '2077-10-12 17:24:13', '2021-01-25 11:24:13', '2021-01-25 11:24:13', 'Check Out'),
(463, 15, 15, 1, '2021-01-25 17:24:20', '2077-10-12 17:24:20', '2021-01-25 11:24:20', '2021-01-25 11:24:20', 'Check Out'),
(464, 17, 17, 1, '2021-01-25 17:49:19', '2077-10-12 17:49:19', '2021-01-25 11:49:19', '2021-01-25 11:49:19', 'Check Out'),
(465, 16, 16, 1, '2021-01-25 18:31:47', '2077-10-12 18:31:47', '2021-01-25 12:31:47', '2021-01-25 12:31:47', 'Check Out'),
(466, 10, 10, 1, '2021-01-25 19:26:08', '2077-10-12 19:26:08', '2021-01-25 13:26:08', '2021-01-25 13:26:08', 'Check Out'),
(467, 15, 15, 1, '2021-01-26 09:38:18', '2077-10-13 09:38:18', '2021-01-26 03:38:18', '2021-01-26 03:38:18', 'Check In'),
(468, 17, 17, 1, '2021-01-26 09:38:32', '2077-10-13 09:38:32', '2021-01-26 03:38:32', '2021-01-26 03:38:32', 'Check In'),
(469, 16, 16, 1, '2021-01-26 09:47:11', '2077-10-13 09:47:11', '2021-01-26 03:47:11', '2021-01-26 03:47:11', 'Check In'),
(470, 14, 14, 1, '2021-01-26 09:53:34', '2077-10-13 09:53:34', '2021-01-26 03:53:34', '2021-01-26 03:53:34', 'Check In'),
(471, 12, 12, 1, '2021-01-26 09:53:45', '2077-10-13 09:53:45', '2021-01-26 03:53:45', '2021-01-26 03:53:45', 'Check In'),
(472, 10, 10, 1, '2021-01-26 10:07:05', '2077-10-13 10:07:05', '2021-01-26 04:07:05', '2021-01-26 04:07:05', 'Check In'),
(473, 13, 13, 1, '2021-01-26 10:09:55', '2077-10-13 10:09:55', '2021-01-26 04:09:55', '2021-01-26 04:09:55', 'Check In');

-- --------------------------------------------------------

--
-- Table structure for table `failed_jobs`
--

CREATE TABLE `failed_jobs` (
  `id` bigint(20) UNSIGNED NOT NULL,
  `uuid` varchar(255) COLLATE utf8mb4_unicode_ci NOT NULL,
  `connection` text COLLATE utf8mb4_unicode_ci NOT NULL,
  `queue` text COLLATE utf8mb4_unicode_ci NOT NULL,
  `payload` longtext COLLATE utf8mb4_unicode_ci NOT NULL,
  `exception` longtext COLLATE utf8mb4_unicode_ci NOT NULL,
  `failed_at` timestamp NOT NULL DEFAULT current_timestamp()
) ENGINE=InnoDB DEFAULT CHARSET=utf8mb4 COLLATE=utf8mb4_unicode_ci;

-- --------------------------------------------------------

--
-- Table structure for table `migrations`
--

CREATE TABLE `migrations` (
  `id` int(10) UNSIGNED NOT NULL,
  `migration` varchar(255) COLLATE utf8mb4_unicode_ci NOT NULL,
  `batch` int(11) NOT NULL
) ENGINE=InnoDB DEFAULT CHARSET=utf8mb4 COLLATE=utf8mb4_unicode_ci;

--
-- Dumping data for table `migrations`
--

INSERT INTO `migrations` (`id`, `migration`, `batch`) VALUES
(1, '2014_10_12_000000_create_users_table', 1),
(2, '2014_10_12_100000_create_password_resets_table', 1),
(3, '2019_08_19_000000_create_failed_jobs_table', 1),
(4, '2020_12_08_093612_create_attendances_table', 1),
(5, '2020_12_09_140910_add_role_id_to_users', 1),
(6, '2020_12_09_153903_create_user_templates_table', 1),
(7, '2020_12_14_140917_create_settings_table', 1),
(8, '2020_12_14_153620_add_status_to_attendances', 1);

-- --------------------------------------------------------

--
-- Table structure for table `password_resets`
--

CREATE TABLE `password_resets` (
  `email` varchar(255) COLLATE utf8mb4_unicode_ci NOT NULL,
  `token` varchar(255) COLLATE utf8mb4_unicode_ci NOT NULL,
  `created_at` timestamp NULL DEFAULT NULL
) ENGINE=InnoDB DEFAULT CHARSET=utf8mb4 COLLATE=utf8mb4_unicode_ci;

-- --------------------------------------------------------

--
-- Table structure for table `settings`
--

CREATE TABLE `settings` (
  `id` bigint(20) UNSIGNED NOT NULL,
  `check_in` varchar(255) COLLATE utf8mb4_unicode_ci DEFAULT NULL,
  `check_out` varchar(255) COLLATE utf8mb4_unicode_ci DEFAULT NULL,
  `check_in_threshold` varchar(255) COLLATE utf8mb4_unicode_ci DEFAULT NULL,
  `check_out_threshold` varchar(255) COLLATE utf8mb4_unicode_ci DEFAULT NULL,
  `ip` varchar(255) COLLATE utf8mb4_unicode_ci DEFAULT NULL,
  `created_at` timestamp NULL DEFAULT NULL,
  `updated_at` timestamp NULL DEFAULT NULL
) ENGINE=InnoDB DEFAULT CHARSET=utf8mb4 COLLATE=utf8mb4_unicode_ci;

--
-- Dumping data for table `settings`
--

INSERT INTO `settings` (`id`, `check_in`, `check_out`, `check_in_threshold`, `check_out_threshold`, `ip`, `created_at`, `updated_at`) VALUES
(1, '10:00', '17:00', '30', '30', '192.168.0.155', '2020-12-16 23:25:19', '2020-12-16 23:25:19'),
(2, '10:00', '15:00', '30', '30', '192.168.0.155', '2020-12-16 23:46:27', '2020-12-16 23:46:27');

-- --------------------------------------------------------

--
-- Table structure for table `users`
--

CREATE TABLE `users` (
  `id` bigint(20) UNSIGNED NOT NULL,
  `name` varchar(255) COLLATE utf8mb4_unicode_ci NOT NULL,
  `email` varchar(255) COLLATE utf8mb4_unicode_ci DEFAULT NULL,
  `email_verified_at` timestamp NULL DEFAULT NULL,
  `password` varchar(255) COLLATE utf8mb4_unicode_ci DEFAULT NULL,
  `remember_token` varchar(100) COLLATE utf8mb4_unicode_ci DEFAULT NULL,
  `created_at` timestamp NULL DEFAULT NULL,
  `updated_at` timestamp NULL DEFAULT NULL,
  `role_id` int(11) NOT NULL
) ENGINE=InnoDB DEFAULT CHARSET=utf8mb4 COLLATE=utf8mb4_unicode_ci;

--
-- Dumping data for table `users`
--

INSERT INTO `users` (`id`, `name`, `email`, `email_verified_at`, `password`, `remember_token`, `created_at`, `updated_at`, `role_id`) VALUES
(10, 'Suman Gautam', 'suman@gmail.com', NULL, 'suman123', NULL, '2020-12-16 23:36:04', '2020-12-16 23:36:04', 14),
(11, 'Laxman Gautam', 'laxman@gmail.com', NULL, 'laxman123', NULL, '2020-12-16 23:36:24', '2020-12-16 23:36:24', 14),
(12, 'Sushil Gaire', 'sushil@gmail.com', NULL, 'sushil123', NULL, '2020-12-16 23:36:42', '2020-12-16 23:36:42', 0),
(13, 'Pritam Chaudhary', 'pritam@gmail.com', NULL, 'pritam123', NULL, '2020-12-16 23:37:03', '2020-12-16 23:37:03', 0),
(14, 'Hari Khadka', 'hari@gmail.com', NULL, 'hari123', NULL, '2020-12-16 23:37:21', '2020-12-16 23:37:21', 0),
(15, 'Abishek Panta', 'abishek@gmail.com', NULL, 'abishek123', NULL, '2020-12-16 23:37:48', '2020-12-16 23:37:48', 0),
(16, 'Santosh Bhattarai', 'santosh@gmail.com', NULL, 'santosh123', NULL, '2020-12-16 23:38:07', '2020-12-16 23:38:07', 0),
(17, 'Manoj Magar', 'manoj@gmail.com', NULL, 'manoj123', NULL, '2020-12-16 23:38:30', '2020-12-16 23:38:30', 0),
(18, 'Dipa Khanal', 'dipa@gmail.com', NULL, 'dipa123', NULL, '2020-12-16 23:38:50', '2020-12-16 23:38:50', 0),
(19, 'Dummy', 'dumm@gmail.com', NULL, '123456789', NULL, '2021-01-19 07:58:16', '2021-01-19 07:58:16', 0);

-- --------------------------------------------------------

--
-- Table structure for table `user_templates`
--

CREATE TABLE `user_templates` (
  `id` bigint(20) UNSIGNED NOT NULL,
  `fp_length` int(11) NOT NULL,
  `user_id` int(11) NOT NULL,
  `fno` int(11) NOT NULL,
  `valid` int(11) NOT NULL,
  `template` blob NOT NULL,
  `created_at` timestamp NULL DEFAULT NULL,
  `updated_at` timestamp NULL DEFAULT NULL
) ENGINE=InnoDB DEFAULT CHARSET=utf8mb4 COLLATE=utf8mb4_unicode_ci;

--
-- Indexes for dumped tables
--

--
-- Indexes for table `attendances`
--
ALTER TABLE `attendances`
  ADD PRIMARY KEY (`id`);

--
-- Indexes for table `failed_jobs`
--
ALTER TABLE `failed_jobs`
  ADD PRIMARY KEY (`id`),
  ADD UNIQUE KEY `failed_jobs_uuid_unique` (`uuid`);

--
-- Indexes for table `migrations`
--
ALTER TABLE `migrations`
  ADD PRIMARY KEY (`id`);

--
-- Indexes for table `password_resets`
--
ALTER TABLE `password_resets`
  ADD KEY `password_resets_email_index` (`email`);

--
-- Indexes for table `settings`
--
ALTER TABLE `settings`
  ADD PRIMARY KEY (`id`);

--
-- Indexes for table `users`
--
ALTER TABLE `users`
  ADD PRIMARY KEY (`id`);

--
-- Indexes for table `user_templates`
--
ALTER TABLE `user_templates`
  ADD PRIMARY KEY (`id`);

--
-- AUTO_INCREMENT for dumped tables
--

--
-- AUTO_INCREMENT for table `attendances`
--
ALTER TABLE `attendances`
  MODIFY `id` bigint(20) UNSIGNED NOT NULL AUTO_INCREMENT, AUTO_INCREMENT=474;

--
-- AUTO_INCREMENT for table `failed_jobs`
--
ALTER TABLE `failed_jobs`
  MODIFY `id` bigint(20) UNSIGNED NOT NULL AUTO_INCREMENT;

--
-- AUTO_INCREMENT for table `migrations`
--
ALTER TABLE `migrations`
  MODIFY `id` int(10) UNSIGNED NOT NULL AUTO_INCREMENT, AUTO_INCREMENT=9;

--
-- AUTO_INCREMENT for table `settings`
--
ALTER TABLE `settings`
  MODIFY `id` bigint(20) UNSIGNED NOT NULL AUTO_INCREMENT, AUTO_INCREMENT=3;

--
-- AUTO_INCREMENT for table `users`
--
ALTER TABLE `users`
  MODIFY `id` bigint(20) UNSIGNED NOT NULL AUTO_INCREMENT, AUTO_INCREMENT=20;

--
-- AUTO_INCREMENT for table `user_templates`
--
ALTER TABLE `user_templates`
  MODIFY `id` bigint(20) UNSIGNED NOT NULL AUTO_INCREMENT;
COMMIT;

/*!40101 SET CHARACTER_SET_CLIENT=@OLD_CHARACTER_SET_CLIENT */;
/*!40101 SET CHARACTER_SET_RESULTS=@OLD_CHARACTER_SET_RESULTS */;
/*!40101 SET COLLATION_CONNECTION=@OLD_COLLATION_CONNECTION */;
